"Model","Effect","SNP","BP","Gene","CHR","A1","MAF","RR","CI_l","CI_u","p","q"
2,"Fetal","rs113732223",161286896,"",3,"c",0.0386645411803358,0.346546227490826,0.220911879717855,0.540362157741233,2.65023046042145e-06,0.19931035706519
2,"Fetal","rs80308824",19235598,"",4,"c",0.00801383900162343,3.50833223544574,2.15362712660748,5.77340085323316,4.87233324115787e-07,0.08895469423576
2,"Fetal","rs112122606",19277771,"",4,"c",0.00811904588892719,3.54669282791778,2.17664208239162,5.83233690330267,3.75192625486981e-07,0.08895469423576
2,"Fetal","rs77963307",19289991,"",4,"g",0.00810995466233191,3.5579397289811,2.1461942105316,5.75525020337037,4.65183947139979e-07,0.08895469423576
2,"Fetal","rs79164590",19311806,"",4,"g",0.010044142354047,2.80322295689703,1.80468189323236,4.37581961321093,4.96423203594339e-06,0.28150597958926
2,"Fetal","rs111440968",19312062,"",4,"c",0.00868165185843052,3.27142931618083,2.04067906398851,5.27887279246517,9.30318292943914e-07,0.10076214551647
2,"Fetal","rs114731234",19351785,"",4,"a",0.00879012054620958,3.30565589808649,2.06944136074928,5.32737785418521,6.39427766792082e-07,0.08895469423576
2,"Fetal","rs113972380",19361568,"",4,"c",0.00877916221553629,3.32050809054706,2.03973728131798,5.26440838601641,6.79003918232412e-07,0.08895469423576
2,"Fetal","rs111828839",19378179,"",4,"a",0.00879012054620958,3.30565589808649,2.06944136074928,5.32737785418521,6.39427766792082e-07,0.08895469423576
2,"Fetal","rs112321153",19403431,"",4,"c",0.00879012054620958,3.30565589808649,2.06944136074928,5.32737785418521,6.39427766792082e-07,0.08895469423576
2,"Fetal","rs113118216",19419722,"",4,"a",0.00879012054620958,3.30565589808649,2.06944136074928,5.32737785418521,6.39427766792082e-07,0.08895469423576
2,"Fetal","rs183593665",19476628,"",4,"t",0.00876289763340895,3.24015676354224,1.98576663352875,5.14176907936578,1.20191346439168e-06,0.11643441534811
2,"Fetal","rs78389172",19494140,"",4,"a",0.00850892204151777,3.08140181661619,1.91389598247986,4.98749140902975,3.46215887560596e-06,0.21273263243298
2,"Fetal","rs112873021",19515299,"",4,"g",0.00877916221553629,3.32050809054706,2.03973728131798,5.26440838601641,6.79003918232412e-07,0.08895469423576
2,"Fetal","rs112438604",19529887,"",4,"t",0.00877916221553629,3.32050809054706,2.03973728131798,5.26440838601641,6.79003918232412e-07,0.08895469423576
2,"Fetal","rs112069819",19543776,"",4,"a",0.00879012054620958,3.30565589808649,2.06944136074928,5.32737785418521,6.39427766792082e-07,0.08895469423576
2,"Fetal","rs182574049",19576658,"",4,"a",0.00800728837338226,3.50344616342851,2.1481380644047,5.77425203130665,6.04488189251412e-07,0.08895469423576
2,"Fetal","rs112952413",19597544,"",4,"a",0.00743391388054818,3.83562943396487,2.3084698563356,6.46488827509538,2.97638433592451e-07,0.08895469423576
2,"Fetal","rs113509912",19682278,"",4,"c",0.00752467117260712,3.78847193046703,2.27039627859105,6.37279665339505,3.04695863216505e-07,0.08895469423576
2,"Fetal","rs1468231",105492822,"CXXC4-AS1",4,"t",0.24252907159313,1.41243910573295,1.23721099846343,1.60708308671483,1.92611828660447e-07,0.08895469423576
2,"Fetal","rs975534",105502287,"CXXC4-AS1",4,"g",0.361325051009493,1.33294349426593,1.18064858395422,1.50039891803544,2.36130968217942e-06,0.18931034986838
2,"Fetal","rs3017723",105507739,"CXXC4-AS1",4,"g",0.295092369410559,1.36895285604998,1.20597868580894,1.54975117345948,7.26947527949452e-07,0.08895469423576
2,"Fetal","rs1952474",19092205,"",10,"a",0.435541547617708,1.32764759713392,1.18173793828516,1.49096220668825,1.66080479709451e-06,0.14851306145975
2,"Fetal","rs4748531",19128721,"",10,"a",0.440656850360089,1.34449407894975,1.19663643634546,1.51055966336779,6.02601437327232e-07,0.08895469423576
2,"Fetal","rs7911338",19150064,"",10,"c",0.451142904750115,1.31979842638186,1.17511714649027,1.48165618447514,2.65749314468415e-06,0.19931035706519
2,"Fetal","rs7917968",19169676,"",10,"a",0.485054958603467,0.759193251525793,0.675375339413207,0.852823223666369,3.20716420931788e-06,0.20712766251511
2,"Fetal","rs4747363",19172869,"",10,"a",0.450385150019181,1.32258594216572,1.17762406424965,1.48477111271224,2.21747486598638e-06,0.1841281046927
2,"Fetal","rs7118058",7641875,"PPFIBP2",11,"t",0.0483790056605939,1.78336175761904,1.39248509121982,2.26692237129876,2.87913277039021e-06,0.20231063731792
2,"Fetal","rs12291467",75076596,"",11,"a",0.0426294218156218,1.77372148869596,1.3919117978381,2.26226472838442,3.02519387222142e-06,0.20231063731792
2,"Fetal","rs34113413",75092811,"",11,"a",0.0445834179405482,1.81459176848303,1.43556046701812,2.29982048614956,7.09260221088358e-07,0.08895469423576
2,"Fetal","rs76395305",133280749,"OPCML",11,"g",0.070888800926541,0.531298792396744,0.404679071710869,0.695859899955168,3.56204789087045e-06,0.21273263243298
2,"Fetal","rs11848338",26634642,"",14,"a",0.333943966417629,0.7319891356469,0.644026001331486,0.830862584195667,1.17727946791213e-06,0.11643441534811
2,"Fetal","rs11640391",80185898,"",16,"c",0.530890017790706,0.746193074111542,0.663455228090035,0.838557978391042,8.34900616197842e-07,0.097056403477413
2,"Fetal","rs8045793",80192394,"DYNLRB2-AS1",16,"t",0.434176322593143,1.33513724304591,1.18517190168504,1.49893834246606,1.33201738611536e-06,0.12387660457551
2,"Fetal","rs4889115",80197159,"DYNLRB2-AS1",16,"g",0.458055090826774,1.31643834090852,1.1716185356083,1.47911198474772,3.56844751199529e-06,0.21273263243298
2,"Fetal","rs17727704",80198049,"DYNLRB2-AS1",16,"g",0.503278679621586,0.75374394571569,0.669532220493434,0.84666729869104,2.08720105421278e-06,0.17972973311943
2,"Fetal","rs9673176",80201444,"DYNLRB2-AS1",16,"c",0.505056777470473,0.758138888524817,0.673809542413267,0.85107432784811,3.04556136421219e-06,0.20231063731792
2,"Fetal","rs9935498",80211844,"DYNLRB2-AS1",16,"g",0.481128986374187,0.760522903737718,0.67552317616993,0.854024007256745,4.31132335121376e-06,0.2505936219107
2,"Fetal","rs1904186",80217927,"DYNLRB2-AS1",16,"a",0.503778648937069,0.758469686898133,0.674818597183752,0.851911141175836,2.77999416931074e-06,0.20198230074244
2,"Fetal","rs34149818",80225297,"DYNLRB2-AS1",16,"t",0.505695644114716,0.747204980857269,0.663888649593387,0.839199655201113,9.53456050334367e-07,0.10076214551647
2,"Fetal","rs13036837",60542411,"TAF4",20,"g",0.016954015887838,2.59302510955217,1.78223085288473,3.70498161583264,2.56331665552321e-07,0.08895469423576
2,"Maternal","rs61777102",23543352,"HTR1D",1,"t",0.495776291355414,0.75459739494794,0.671568230012869,0.849794384523125,2.00418705986749e-06,0.59228016280004
2,"Maternal","rs115305658",29658670,"ALK",2,"g",0.0320355926650644,0.359148887633276,0.231131217136153,0.561814115473474,4.87776371715931e-06,0.59228016280004
2,"Maternal","rs2691768",156497167,"",2,"a",0.427916365789176,0.751276448924628,0.668201717199561,0.847078060869623,2.39978029048515e-06,0.59228016280004
2,"Maternal","rs7834810",90387156,"",8,"t",0.229306395906539,0.711306872982357,0.614752644487478,0.824430391814156,4.08957290853884e-06,0.59228016280004
2,"Maternal","rs34373239",90388070,"",8,"c",0.239899603597266,0.716175799797803,0.621335552241322,0.826776683632102,3.66313489075232e-06,0.59228016280004
2,"Maternal","rs62532830",90489234,"",8,"g",0.181843555774495,0.672952154137753,0.571747493471753,0.793158043516472,1.59387905185326e-06,0.59228016280004
2,"Maternal","rs16897154",90508919,"",8,"g",0.219632658315825,0.693505745101075,0.597224971677031,0.806816640497683,1.3961106264393e-06,0.59228016280004
2,"Maternal","rs1586461",90535363,"",8,"c",0.209950540040763,0.696443304190004,0.598391244113613,0.812046592023072,2.6010112350594e-06,0.59228016280004
2,"Maternal","rs1125873",107721423,"",9,"t",0.542863466848554,0.762002870997123,0.678461377193638,0.856011298595433,4.16845154993517e-06,0.59228016280004
2,"Maternal","rs75777279",31435980,"",10,"t",0.0358314252905115,0.363173237392376,0.235239719042469,0.563884380352861,4.90076623638203e-06,0.59228016280004
2,"Maternal","rs595585",128604010,"FLI1",11,"c",0.367844775980562,1.33455794157225,1.18866510984166,1.50492833452296,1.43502252357727e-06,0.59228016280004
2,"Maternal","rs138202697",80301762,"",13,"t",0.0346282978043967,0.417961938287489,0.288037378001064,0.607665884772119,3.40022434031084e-06,0.59228016280004
2,"Maternal","rs149166862",67703932,"LINC01483",17,"a",0.046294853535048,0.420746668803276,0.295598766779239,0.602783466711013,2.21721232351868e-06,0.59228016280004
2,"Maternal","rs12606177",74264727,"",18,"a",0.38978430780228,1.34803947563345,1.19998394673848,1.52149498864819,7.13795340754792e-07,0.59228016280004
3,"Maternal","rs2711085",159543028,"PKP4-AS1",2,"g",0.336682792122969,0.605990015188819,0.48326303430529,0.751744963484326,4.3018804443129e-06,0.91149660295177
3,"Maternal","rs4140954",1440121,"DLGAP2",8,"t",0.352963222459924,1.67001352636002,1.33698583788059,2.06826952357272,2.61949028636767e-06,0.91149660295177
3,"Maternal","rs73603968",20094782,"",8,"a",0.0680010757042157,2.10402847291552,1.53323975395982,2.91623311520372,4.86971956098982e-06,0.91149660295177
3,"Maternal","rs6562117",61238421,"",13,"c",0.24367756822811,1.66642843787355,1.3419951089392,2.07792167961474,3.53956111283468e-06,0.91149660295177
3,"Maternal","rs4359406",33569405,"",15,"c",0.214835430952626,0.552752198479606,0.427677092149144,0.7084771325921,3.60180219005635e-06,0.91149660295177
3,"Maternal","rs8059525",12039346,"NPIPB2",16,"a",0.534892516599958,0.610539186600994,0.495614262117737,0.755201273151061,4.29892343944971e-06,0.91149660295177
3,"Maternal","rs149166862",67703932,"LINC01483",17,"a",0.053284384159123,0.263739381996069,0.15184650925915,0.454298414175104,1.87320817746084e-06,0.91149660295177
3,"Parent-of-origin","rs4146333",118223589,"",3,"c",0.213179901870058,2.24626832881322,1.59453778884063,3.19327686030224,4.41628173475639e-06,0.7334122231396
3,"Parent-of-origin","rs79192180",182250018,"",4,"a",0.0837879214991663,3.33884528221215,1.99116091798772,5.50582208147374,2.94489134195466e-06,0.7119366254648
3,"Parent-of-origin","rs79978341",73531191,"",5,"a",0.0211083357089081,0.189934202964655,0.0952681587899593,0.377266308338039,2.01715602421437e-06,0.7119366254648
3,"Parent-of-origin","rs2408038",123390923,"",5,"c",0.336688732280493,2.184389062826,1.56953523252328,3.02182360051204,2.96399219675994e-06,0.7119366254648
3,"Parent-of-origin","rs11747295",123396672,"LINC01170",5,"g",0.356749932317958,2.19263920098381,1.58414423108296,3.06315482012092,2.70571156892614e-06,0.7119366254648
3,"Parent-of-origin","rs39108",29318397,"",7,"t",0.491175922514537,2.15283031382041,1.57835010583872,2.96926127743364,1.74237767517507e-06,0.7119366254648
3,"Parent-of-origin","rs149516685",128836683,"SMO",7,"c",0.0603259993220957,4.16503616489681,2.24222736320053,7.59880475306315,3.6745416438146e-06,0.7119366254648
3,"Parent-of-origin","rs4611203",88767496,"GRM5",11,"g",0.375200737947908,0.443039651847871,0.315621265829517,0.614174340939027,1.16932785099166e-06,0.7119366254648
3,"Parent-of-origin","rs477424",88802281,"",11,"g",0.383936574193601,0.462931132214387,0.330847311652141,0.639799093586215,3.48478707379307e-06,0.7119366254648
3,"Parent-of-origin","rs594647",88921557,"TYR",11,"t",0.366938848056138,0.472301168404935,0.339574885265653,0.649104273821248,4.39270734298169e-06,0.7334122231396
3,"Parent-of-origin","rs12885938",72470336,"RGS6",14,"c",0.330498101014226,2.30574369083047,1.64012862957479,3.21647031036147,1.07936077662896e-06,0.7119366254648
3,"Parent-of-origin","rs12883063",72473230,"RGS6",14,"g",0.30081821934779,2.25789422862603,1.60729666551479,3.19840300237835,2.86576869879077e-06,0.7119366254648
3,"Parent-of-origin","rs72812023",791368,"NXN",17,"g",0.186722920550344,2.64076452564815,1.84866119705546,3.80620296300133,1.33765145817228e-07,0.31100142248728
3,"Parent-of-origin","rs72812027",792523,"NXN",17,"c",0.196295991124235,2.32274754724382,1.61624848723602,3.3062584574453,3.56805724385903e-06,0.7119366254648
4,"Parent-of-origin","rs61777102",23543352,"HTR1D",1,"t",0.458044976553743,0.639714548532464,0.528833737591331,0.769144379558461,2.95562302965457e-06,0.91455119494065
4,"Parent-of-origin","rs60270070",194394705,"",2,"c",0.0670231436612798,2.45437547632894,1.72190303511617,3.44524463447477,4.07948261193589e-07,0.91455119494065
4,"Parent-of-origin","rs1834504",139616430,"",3,"c",0.212772660507592,1.70134971126285,1.36641787999115,2.103926929647,1.45719507120001e-06,0.91455119494065
4,"Parent-of-origin","rs7844495",72411274,"EYA1",8,"a",0.27583543627184,0.612542648348337,0.496472966218442,0.754401388978125,4.2280689989127e-06,0.91455119494065
4,"Parent-of-origin","rs16897154",90508919,"",8,"g",0.188582643488233,0.574601517725977,0.453559736897567,0.721100856491542,2.70866170426487e-06,0.91455119494065
4,"Parent-of-origin","rs1586461",90535363,"",8,"c",0.180349676549682,0.57443078699862,0.451774365273191,0.723692035073625,3.92515442326768e-06,0.91455119494065
4,"Parent-of-origin","rs1939015",102576375,"MMP27",11,"g",0.127170901690698,0.548552631406245,0.427071742173702,0.697808464014533,1.56599288247961e-06,0.91455119494065
4,"Parent-of-origin","rs607703",128604174,"FLI1",11,"t",0.508501279952167,0.641536171997589,0.530840154997241,0.770654316453453,3.0613188497508e-06,0.91455119494065
4,"Parent-of-origin","rs4761494",95104524,"",12,"g",0.458721296925286,1.58170334680157,1.30094505322481,1.90851023490012,3.05594441943447e-06,0.91455119494065
