SNP,BP,CHR,Gene,NearestGene,alleles,haplofreq,RR.est.,RR.lower,RR.upper,RR.p.value,RR.q.value,HWE.pv
rs113732223,161286896,3,NA,OTOL1,c/T,0.0386645411803358,0.346546227490826,0.220911879717855,0.540362157741233,2.65023046042145e-06,0.199310357065191,0.31047218274342
rs112069819,19543776,4,NA,RNA5SP157,a/G,0.00879012054620958,3.30565589808649,2.06944136074928,5.32737785418521,6.39427766792082e-07,0.0845069595239722,0.513411902123746
rs112952413,19597544,4,NA,RNA5SP157,a/G,0.00743391388054818,3.83562943396487,2.3084698563356,6.46488827509538,2.97638433592451e-07,0.0845069595239722,0.359371216031994
rs113509912,19682278,4,NA,RNA5SP157,c/T,0.00752467117260712,3.78847193046703,2.27039627859105,6.37279665339505,3.04695863216505e-07,0.0845069595239722,0.336996536062482
rs1468231,105492822,4,CXXC4-AS1,NA,C/t,0.24252907159313,1.41243910573295,1.23721099846343,1.60708308671483,1.92611828660447e-07,0.0845069595239722,0.690608531095296
rs975534,105502287,4,CXXC4-AS1,NA,A/g,0.361325051009493,1.33294349426593,1.18064858395422,1.50039891803544,2.36130968217942e-06,0.189310349868386,0.543461887141332
rs3017723,105507739,4,CXXC4-AS1,NA,A/g,0.295092369410559,1.36895285604998,1.20597868580894,1.54975117345948,7.26947527949452e-07,0.0845069595239722,0.670946621903365
rs4447064,19093747,10,NA,AIFM1P1,a/G,0.424184624495412,1.35751406317639,1.2081918380124,1.52479228244224,2.50907273895296e-07,0.0845069595239722,0.117736094915601
rs7911338,19150064,10,NA,AIFM1P1,c/T,0.451142904750115,1.31979842638186,1.17511714649027,1.48165618447514,2.65749314468415e-06,0.199310357065191,0.258589627209752
rs7917968,19169676,10,NA,AIFM1P1,a/G,0.485054958603467,0.759193251525793,0.675375339413207,0.852823223666369,3.20716420931788e-06,0.207127662515114,0.349184729449465
rs7118058,7641875,11,PPFIBP2,NA,G/t,0.0483790056605939,1.78336175761904,1.39248509121982,2.26692237129876,2.87913277039021e-06,0.202310637317926,0.0990293514982747
rs12291467,75076596,11,NA,ARRB1,a/G,0.0426294218156218,1.77372148869596,1.3919117978381,2.26226472838442,3.02519387222142e-06,0.202310637317926,0.743649688011288
rs34113413,75092811,11,NA,RPS3,a/G,0.0445834179405482,1.81459176848303,1.43556046701812,2.29982048614956,7.09260221088358e-07,0.0845069595239722,0.768750087908147
rs76395305,133280749,11,OPCML,NA,g/T,0.070888800926541,0.531298792396744,0.404679071710869,0.695859899955168,3.56204789087045e-06,0.212732632432983,0.122057631240636
rs11848338,26634642,14,NA,CYB5AP5,a/T,0.333943966417629,0.7319891356469,0.644026001331486,0.830862584195667,1.17727946791213e-06,0.111777038734193,0.175957331924868
rs11640391,80185898,16,NA,DYNLRB2-AS1,c/T,0.530890017790706,0.746193074111542,0.663455228090035,0.838557978391042,8.34900616197842e-07,0.0924346699784893,0.197226367289536
rs8045793,80192394,16,DYNLRB2-AS1,NA,G/t,0.434176322593143,1.33513724304591,1.18517190168504,1.49893834246606,1.33201738611536e-06,0.119112119784149,0.263890461145257
rs4889115,80197159,16,DYNLRB2-AS1,NA,A/g,0.458055090826774,1.31643834090852,1.1716185356083,1.47911198474772,3.56844751199529e-06,0.212732632432983,0.329167934776086
rs17727704,80198049,16,DYNLRB2-AS1,NA,A/g,0.503278679621586,0.75374394571569,0.669532220493434,0.84666729869104,2.08720105421278e-06,0.179729733119433,0.326495602979011
rs1904186,80217927,16,DYNLRB2-AS1,NA,a/G,0.503778648937069,0.758469686898133,0.674818597183752,0.851911141175836,2.77999416931074e-06,0.201982300742445,0.609761208718358
rs34149818,80225297,16,DYNLRB2-AS1,NA,C/t,0.505695644114716,0.747204980857269,0.663888649593387,0.839199655201113,9.53456050334367e-07,0.0963811826679325,0.365722406496419
rs13036837,60542411,20,TAF4,NA,A/g,0.016954015887838,2.59302510955217,1.78223085288473,3.70498161583264,2.56331665552321e-07,0.0845069595239722,0.973299033357642
