"Model","SNP","BP","CHR","Gene","NearestGene","alleles","haplofreq","RRm.est.","RRm.lower","RRm.upper","RRm.p.value","RRm.q.value","HWE.pv"
2,"rs61777102",23543352,1,"HTR1D",NA,"C/t",0.495776291355414,0.75459739494794,0.671568230012869,0.849794384523125,2.00418705986749e-06,0.592280162800043,0.0756535336213764
2,"rs115305658",29658670,2,"ALK",NA,"C/g",0.0320355926650644,0.359148887633276,0.231131217136153,0.561814115473474,4.87776371715931e-06,0.592280162800043,0.576088860331251
2,"rs2691768",156497167,2,NA,"RNU6-546P","a/C",0.427916365789176,0.751276448924628,0.668201717199561,0.847078060869623,2.39978029048515e-06,0.592280162800043,0.363906606986422
2,"rs60270070",194394705,2,NA,"GLULP6","c/T",0.0482392968550808,1.74217887673069,1.37444545358516,2.22628360186638,5.25991664330512e-06,0.592280162800043,0.723762120794583
2,"rs1530018",224925121,2,NA,"SERPINE2","A/g",0.27506381141092,0.733528635490429,0.640837933702631,0.840840893402002,5.98935212492435e-06,0.592280162800043,0.858809621570393
2,"rs149472557",34650201,4,NA,"SEC63P2","a/G",0.0429014857821899,0.452295731942254,0.322172530335374,0.640751421013815,5.94893232630511e-06,0.592280162800043,0.401236334510575
2,"rs7834810",90387156,8,NA,"KRT8P4","G/t",0.229306395906539,0.711306872982357,0.614752644487478,0.824430391814156,4.08957290853884e-06,0.592280162800043,0.52460198158361
2,"rs34373239",90388070,8,NA,"KRT8P4","A/c",0.239899603597266,0.716175799797803,0.621335552241322,0.826776683632102,3.66313489075232e-06,0.592280162800043,0.502594179502975
2,"rs62532830",90489234,8,NA,"KRT8P4","C/g",0.181843555774495,0.672952154137753,0.571747493471753,0.793158043516472,1.59387905185326e-06,0.592280162800043,0.704084272324918
2,"rs16897154",90508919,8,NA,"KRT8P4","A/g",0.219632658315825,0.693505745101075,0.597224971677031,0.806816640497683,1.3961106264393e-06,0.592280162800043,0.0562734054471199
2,"rs1586461",90535363,8,NA,"KRT8P4","A/c",0.209950540040763,0.696443304190004,0.598391244113613,0.812046592023072,2.6010112350594e-06,0.592280162800043,0.0729106677256024
2,"rs610880",90595921,8,NA,"KRT8P4","C/t",0.207190729093602,0.705904882637159,0.606622129251342,0.822840113264436,5.85323454105335e-06,0.592280162800043,0.0576114070151035
2,"rs1125873",107721423,9,NA,"ABCA1","A/t",0.542863466848554,0.762002870997123,0.678461377193638,0.856011298595433,4.16845154993517e-06,0.592280162800043,0.329261050040162
2,"rs75777279",31435980,10,NA,"ZEB1-AS1","C/t",0.0358314252905115,0.363173237392376,0.235239719042469,0.563884380352861,4.90076623638203e-06,0.592280162800043,0.244739259055299
2,"rs595585",128604010,11,"FLI1",NA,"c/T",0.367844775980562,1.33455794157225,1.18866510984166,1.50492833452296,1.43502252357727e-06,0.592280162800043,0.757685123898663
2,"rs138202697",80301762,13,NA,"LINC01038","C/t",0.0346282978043967,0.417961938287489,0.288037378001064,0.607665884772119,3.40022434031084e-06,0.592280162800043,0.436398416953714
2,"rs113650764",80331969,13,NA,"LINC01038","a/G",0.0363154289542994,0.430372256563001,0.300756211901965,0.623886185919349,5.40534383253188e-06,0.592280162800043,0.473834296296947
2,"rs12438463",70123259,15,NA,"LINC00593","G/t",0.192050032649141,0.693066741357156,0.591265613161203,0.813838684878902,5.2522887254991e-06,0.592280162800043,0.520748165445848
2,"rs149166862",67703932,17,"LINC01483",NA,"a/G",0.046294853535048,0.420746668803276,0.295598766779239,0.602783466711013,2.21721232351868e-06,0.592280162800043,0.591374071373239
2,"rs12606177",74264727,18,"LINC00683, LINC00908",NA,"a/C",0.38978430780228,1.34803947563345,1.19998394673848,1.52149498864819,7.13795340754792e-07,0.592280162800043,0.083308571909298
3,"rs4655570",68161919,1,NA,"GNG12","C/t",0.273930131382488,0.599125213601951,0.469060068520835,0.756026530401879,1.38677461751779e-05,0.911496602951774,0.643717825256942
3,"rs6547525",84352436,2,NA,"ST6GALNAC2P1","g/T",0.136401934051292,0.499915819126138,0.372356471759022,0.677056065429196,5.33994193729903e-06,0.911496602951774,0.192012148064504
3,"rs6547526",84370890,2,NA,"ST6GALNAC2P1","c/T",0.145107078725231,0.528993486263976,0.397353874937607,0.709005572845477,1.39135245511568e-05,0.911496602951774,0.338405994827434
3,"rs2711085",159543028,2,"PKP4-AS1",NA,"A/g",0.336682792122969,0.605990015188819,0.48326303430529,0.751744963484326,4.3018804443129e-06,0.911496602951774,0.788528093718984
3,"rs2528606",159556192,2,"PKP4-AS1",NA,"C/t",0.334241011984668,0.609894249836566,0.488789715958081,0.756027082587719,7.08724730502652e-06,0.911496602951774,0.749426571230739
3,"rs73154127",151907475,3,NA,"MBNL1","A/g",0.0625738683278607,0.347648428946199,0.215711443685611,0.556081699862237,9.86255975354844e-06,0.911496602951774,0.801504059627146
3,"rs9715143",139701532,4,NA,"CCRN4L","G/t",0.147829322958523,1.73326593504358,1.35133021910351,2.20721937579134,1.12212129889113e-05,0.911496602951774,0.738737428024935
3,"rs72781582",97267557,5,NA,"KRT8P32","g/T",0.187421331130023,0.556776246486455,0.430439704824936,0.723854755016218,8.93387924461031e-06,0.911496602951774,0.694680139770104
3,"rs4140954",1440121,8,"DLGAP2",NA,"C/t",0.352963222459924,1.67001352636002,1.33698583788059,2.06826952357272,2.61949028636767e-06,0.911496602951774,0.7774757553284
3,"rs12544819",1440753,8,"DLGAP2",NA,"c/G",0.302983075911464,1.6347610348581,1.31578599266205,2.03800727324622,1.03602130244464e-05,0.911496602951774,0.939834260633588
3,"rs73603968",20094782,8,NA,"RNU6-892P","a/G",0.0680010757042157,2.10402847291552,1.53323975395982,2.91623311520372,4.86971956098982e-06,0.911496602951774,0.95887798608129
3,"rs34371052",68380616,8,"CPA6",NA,"a/G",0.296500740482295,1.60563995248466,1.30074410607252,1.98723284178358,1.10856244754684e-05,0.911496602951774,0.960759989201385
3,"rs12336493",111465792,9,NA,"RPL36AP35","C/t",0.0906655140452755,1.89024942278291,1.40354717520468,2.50100726152504,1.38201065501512e-05,0.911496602951774,0.308994870050839
3,"rs6562117",61238421,13,NA,"LINC00378","c/T",0.24367756822811,1.66642843787355,1.3419951089392,2.07792167961474,3.53956111283468e-06,0.911496602951774,0.057825739524528
3,"rs4886250",61251217,13,NA,"LINC00378","c/T",0.231952928709985,1.62073378949215,1.30240541413117,2.02664072835339,1.43455901102762e-05,0.911496602951774,0.085392674651406
3,"rs7992070",61262763,13,"LINC00378",NA,"c/G",0.237682580681486,1.61474246417594,1.30042610492341,2.01303754587714,1.32497593638469e-05,0.911496602951774,0.135501345323615
3,"rs4359406",33569405,15,NA,"TMCO5B","A/c",0.214835430952626,0.552752198479606,0.427677092149144,0.7084771325921,3.60180219005635e-06,0.911496602951774,0.795549826570134
3,"rs8059525",12039346,16,"NPIPB2",NA,"a/G",0.534892516599958,0.610539186600994,0.495614262117737,0.755201273151061,4.29892343944971e-06,0.911496602951774,0.908470164232737
3,"rs2679314",80374311,16,"DYNLRB2-AS1",NA,"a/C",0.181299693612134,0.552858248301751,0.420364414389647,0.720516872220721,1.42163062666345e-05,0.911496602951774,0.161891644451136
3,"rs149166862",67703932,17,"LINC01483",NA,"a/G",0.053284384159123,0.263739381996069,0.15184650925915,0.454298414175104,1.87320817746084e-06,0.911496602951774,0.591374071373239
