"Model","SNP","BP","CHR","Gene","NearestGene","alleles","haplofreq","RRcm.est.","RRcm.lower","RRcm.upper","RRcm.p.value","RRcm.q.value","RRcf.est.","RRcf.lower","RRcf.upper","RRcf.p.value","RRcf.q.value","RRcm_RRcf.est.","RRcm_RRcf.lower","RRcm_RRcf.upper","RRcm_RRcf.p.value","RRcm_RRcf.q.value","HWE.pv"
3,"rs4146333",118223589,3,NA,"IGSF11","c/T",0.213179901870058,1.58883930465652,1.26364731575523,1.99360194336954,5.81300069331149e-05,0.989646576726832,0.705917651987425,0.557231766712502,0.890462392911437,0.00326809126039596,0.987199835694643,2.24626832881322,1.59453778884063,3.19327686030224,4.41628173475639e-06,0.73341222313969,0.649099910696258
3,"rs1464312",118248580,3,NA,"IGSF11","c/G",0.191487605590911,1.68918466579051,1.32522158224561,2.12752014323255,1.32088239868754e-05,0.989646576726832,0.756044760221967,0.596928832878402,0.959544666656477,0.0218931630523744,0.987199835694643,2.23349591892239,1.55618469208628,3.18163544952142,9.54344058320206e-06,0.973509592093001,0.165291729767193
3,"rs79192180",182250018,4,NA,"LINC00290","a/C",0.0837879214991663,2.01105107244854,1.40772959294063,2.82911761985369,8.54944696990062e-05,0.989646576726832,0.602482135422778,0.425448806902373,0.856772991751318,0.00448105073458183,0.987199835694643,3.33884528221215,1.99116091798772,5.50582208147374,2.94489134195466e-06,0.71193662546481,0.538026145940258
3,"rs79978341",73531191,5,NA,"RN7SL814P","a/G",0.0211083357089081,0.456259841311237,0.295893042720515,0.693874718513256,0.000283194523679642,0.989646576726832,2.39299574210786,1.43289569975426,4.099590729027,0.000897851846738501,0.987199835694643,0.189934202964655,0.0952681587899593,0.377266308338039,2.01715602421437e-06,0.71193662546481,0.305126522219152
3,"rs2408038",123390923,5,NA,"LINC01170","c/T",0.336688732280493,1.36328675372635,1.1113490698686,1.65603718101808,0.0023407552774775,0.989646576726832,0.623889526744314,0.503900338265941,0.775445459256927,1.77378042516274e-05,0.987199835694643,2.184389062826,1.56953523252328,3.02182360051204,2.96399219675994e-06,0.71193662546481,0.578041191204263
3,"rs11747295",123396672,5,"LINC01170",NA,"A/g",0.356749932317958,1.44930865765935,1.18549497976172,1.76856261439707,0.00024350169278914,0.989646576726832,0.660318176725147,0.531174320058812,0.81710247964199,0.000135404425355423,0.987199835694643,2.19263920098381,1.58414423108296,3.06315482012092,2.70571156892614e-06,0.71193662546481,0.669220164271138
3,"rs39108",29318397,7,"CHN2, RP5",NA,"C/t",0.491175922514537,1.49579656329687,1.23079033456872,1.8143153865866,4.18439111328184e-05,0.989646576726832,0.69433752020756,0.565295501410269,0.848709493225785,0.00037923188806066,0.987199835694643,2.15283031382041,1.57835010583872,2.96926127743364,1.74237767517507e-06,0.71193662546481,0.640089442531915
3,"rs149516685",128836683,7,"SMO",NA,"c/T",0.0603259993220957,2.34312053608516,1.51300084435606,3.59153580557587,0.000108039206751093,0.989646576726832,0.564137431817644,0.377074818193136,0.849200225066221,0.00598352572651972,0.987199835694643,4.16503616489681,2.24222736320053,7.59880475306315,3.6745416438146e-06,0.71193662546481,0.40106579882031
3,"rs4716845",157759921,7,"PTPRN2",NA,"A/g",0.270216982385845,0.651235718285149,0.522683309599168,0.811964877253605,0.00013279521665277,0.989646576726832,1.5352360547194,1.21949702014912,1.93774865692207,0.000263415995999929,0.987199835694643,0.424515338554196,0.290274390890349,0.612454344060002,5.47007906726016e-06,0.847855326658506,0.0331743496363127
3,"rs78474571",12500017,11,"PARVA",NA,"C/g",0.113922654582212,1.74983766115674,1.32446183569928,2.31156523992498,6.80337123781409e-05,0.989646576726832,0.68786296265663,0.510021094022148,0.923456118487837,0.0128252563206535,0.987199835694643,2.54166286420949,1.68202354496333,3.85516613955605,9.71689849533716e-06,0.973509592093001,0.719392437797675
3,"rs4611203",88767496,11,"GRM5",NA,"A/g",0.375200737947908,0.650105508937628,0.531993169983255,0.794667504007086,2.47377708950669e-05,0.989646576726832,1.46783786586602,1.19674622213043,1.80634635139067,0.000255689331786807,0.987199835694643,0.443039651847871,0.315621265829517,0.614174340939027,1.16932785099166e-06,0.71193662546481,0.115900278076295
3,"rs477424",88802281,11,NA,"GRM5","A/g",0.383936574193601,0.67416678821523,0.552554783219196,0.82282660630031,0.000100419083064462,0.989646576726832,1.45689288241583,1.18933410848732,1.78971708252609,0.000307747446544351,0.987199835694643,0.462931132214387,0.330847311652141,0.639799093586215,3.48478707379307e-06,0.71193662546481,0.200068100752113
3,"rs594647",88921557,11,"TYR",NA,"C/t",0.366938848056138,0.728390591761733,0.598847501828128,0.885744054011044,0.00148206589924715,0.989646576726832,1.54257626882638,1.26031960850677,1.89543305260683,3.14228390302525e-05,0.987199835694643,0.472301168404935,0.339574885265653,0.649104273821248,4.39270734298169e-06,0.73341222313969,0.789955111132806
3,"rs77333297",29374127,12,"FAR2",NA,"A/g",0.106518191546052,1.62819672097988,1.21769409650258,2.17007938672659,0.00087421955656051,0.989646576726832,0.603364022794844,0.440310578492259,0.822832279512791,0.0014580430795792,0.987199835694643,2.69091462084078,1.74728595275334,4.19647905447904,8.12609359681329e-06,0.973509592093001,0.969040777116321
3,"rs12885938",72470336,14,"RGS6",NA,"c/T",0.330498101014226,1.40469079066636,1.13827982944121,1.71951393689713,0.00122507030408483,0.989646576726832,0.609175035738423,0.490554217014085,0.759858435364236,8.84233064080142e-06,0.734223240556469,2.30574369083047,1.64012862957479,3.21647031036147,1.07936077662896e-06,0.71193662546481,0.208325501673227
3,"rs12883063",72473230,14,"RGS6",NA,"A/g",0.30081821934779,1.30270049855614,1.05401369516956,1.60373353469406,0.0126205011682257,0.989646576726832,0.57687168680028,0.458319558944263,0.721766857234305,1.68391103216869e-06,0.709203228860373,2.25789422862603,1.60729666551479,3.19840300237835,2.86576869879077e-06,0.71193662546481,0.442659520315262
3,"rs918268",79144056,14,"NRXN3",NA,"c/T",0.374486492414549,1.59442599796416,1.29050289889837,1.95550236525508,1.02770177600322e-05,0.989646576726832,0.735928761935384,0.594829472902082,0.914313424441613,0.00516639556462417,0.987199835694643,2.16849099312195,1.53440884339343,3.03967643765199,8.68770748777236e-06,0.973509592093001,0.141456716747877
3,"rs8059525",12039346,16,"NPIPB2",NA,"a/G",0.534892516599958,1.41027333527464,1.14647285456751,1.72396060639716,0.000972442429800518,0.989646576726832,0.650509357337902,0.527458306593054,0.806321794631644,6.43628515561989e-05,0.987199835694643,2.16923579120508,1.53746665851498,3.04051613684985,8.47216704846773e-06,0.973509592093001,0.908470164232737
3,"rs72812023",791368,17,"NXN",NA,"C/g",0.186722920550344,1.56158336884927,1.23363540862698,1.97164402824535,0.000186411078317815,0.989646576726832,0.589936488531133,0.456695644244953,0.758113077797079,3.85713886750239e-05,0.987199835694643,2.64076452564815,1.84866119705546,3.80620296300133,1.33765145817228e-07,0.311001422487284,0.70315169986661
3,"rs72812027",792523,17,"NXN",NA,"c/T",0.196295991124235,1.53343914962464,1.20856265539966,1.91895458373944,0.000279222085604509,0.989646576726832,0.66006488792085,0.518469795077157,0.84237018551533,0.00083824012642908,0.987199835694643,2.32274754724382,1.61624848723602,3.3062584574453,3.56805724385903e-06,0.71193662546481,0.705883826227564
4,"rs61777102",23543352,1,"HTR1D",NA,"C/t",0.458044976553743,0.783856086460484,0.669036261442709,0.914530628776392,0.00206618501213973,0.975639352070461,1.22527306540399,1.05871406802916,1.41997316205171,0.00612021558840337,0.974094146799937,0.639714548532464,0.528833737591331,0.769144379558461,2.95562302965457e-06,0.914551194940657,0.0756535336213764
4,"rs60270070",194394705,2,NA,"GLULP6","c/T",0.0670231436612798,1.40258930676527,1.08435597344057,1.80968497404453,0.00892738990245397,0.975639352070461,0.57154531695599,0.415985772823603,0.79941995223206,0.00093007901521891,0.974094146799937,2.45437547632894,1.72190303511617,3.44524463447477,4.07948261193589e-07,0.914551194940657,0.723762120794583
4,"rs1834504",139616430,3,NA,"CLSTN2","c/T",0.212772660507592,1.26166621148818,1.06224372266959,1.49609014406247,0.00758521773978643,0.975639352070461,0.741304378918329,0.616879925355061,0.896771613553126,0.00171101253641948,0.974094146799937,1.70134971126285,1.36641787999115,2.103926929647,1.45719507120001e-06,0.914551194940657,0.774745491567105
4,"rs6439885",139620397,3,NA,"CLSTN2","a/C",0.178104773281676,1.33597166625546,1.11512046186434,1.59614989928549,0.00135076148136732,0.975639352070461,0.798228985468818,0.658767628401532,0.974778523294244,0.0244920148764025,0.974094146799937,1.67309477434036,1.33722636470283,2.08074942090534,5.15468386053241e-06,0.914551194940657,0.252868264916524
4,"rs11951561",67729498,5,NA,"PIK3R1","a/G",0.0240206887912204,0.544336843691011,0.312983002490285,0.963221153031188,0.0316748308140415,0.975639352070461,1.95395746586047,1.34260420170498,2.85967904867229,0.000472706260655791,0.974094146799937,0.280472467089482,0.160723379550571,0.487989577484981,6.30434177439909e-06,0.914551194940657,0.724686773098937
4,"rs661603",53370107,6,"GCLC",NA,"c/T",0.44819397243761,0.784990601086624,0.672544543627438,0.917483435042422,0.0021624390182946,0.975639352070461,1.19472817725089,1.03698505854412,1.38177626941787,0.0152191526054051,0.974094146799937,0.657504003646685,0.543650232889041,0.790572691675599,1.00550147776879e-05,0.914551194940657,0.39580163098169
4,"rs7844495",72411274,8,"EYA1",NA,"a/G",0.27583543627184,0.702599308217564,0.587404063960283,0.841741828752798,0.000106816671500809,0.975639352070461,1.14734583386323,0.982475769975522,1.34528731250891,0.0849939302728678,0.974421992935863,0.612542648348337,0.496472966218442,0.754401388978125,4.2280689989127e-06,0.914551194940657,0.880324838859959
4,"rs16897154",90508919,8,NA,"KRT8P4","A/g",0.188582643488233,0.663802885600235,0.537501773048248,0.811479054626719,9.2634175730355e-05,0.975639352070461,1.15538756725603,0.97112588941893,1.378073308659,0.102715035789447,0.974624024918739,0.574601517725977,0.453559736897567,0.721100856491542,2.70866170426487e-06,0.914551194940657,0.0562734054471199
4,"rs1586461",90535363,8,NA,"KRT8P4","A/c",0.180349676549682,0.673202519855326,0.543094531129992,0.825744972231516,0.000207650510545276,0.975639352070461,1.17238122805034,0.982614944316904,1.40156674627578,0.0762826146253029,0.974421992935863,0.57443078699862,0.451774365273191,0.723692035073625,3.92515442326768e-06,0.914551194940657,0.0729106677256024
4,"rs1125873",107721423,9,NA,"ABCA1","A/t",0.507223001098994,0.762108608128974,0.6516794290618,0.890336975622734,0.000596682664729231,0.975639352070461,1.17353502341294,1.01382371336215,1.35236560221105,0.0305082352208189,0.974094146799937,0.648928105719004,0.538598639036892,0.786479767331318,7.80573334013823e-06,0.914551194940657,0.329261050040162
4,"rs1939015",102576375,11,"MMP27",NA,"A/g",0.127170901690698,0.808616007037762,0.64052267080203,1.00989638649072,0.0643648322163433,0.975639352070461,1.47328268022023,1.2161318787344,1.78926588641757,6.88539455769231e-05,0.974094146799937,0.548552631406245,0.427071742173702,0.697808464014533,1.56599288247961e-06,0.914551194940657,0.155561226923636
4,"rs595585",128604010,11,"FLI1",NA,"c/T",0.405552651160792,1.31830991808046,1.13226711955361,1.5358231810533,0.000366462164427424,0.975639352070461,0.856313620488069,0.740180779140429,0.995134303016183,0.0418723716432572,0.974094146799937,1.53938625543565,1.27279650878446,1.85001142328481,5.67955038491421e-06,0.914551194940657,0.757685123898663
4,"rs607703",128604174,11,"FLI1",NA,"C/t",0.508501279952167,0.750135391444681,0.641012018546867,0.872584533864745,0.000229527895464487,0.975639352070461,1.1689717800339,1.01136762388932,1.35202236891579,0.0323444542099985,0.974094146799937,0.641536171997589,0.530840154997241,0.770654316453453,3.0613188497508e-06,0.914551194940657,0.925677429502389
4,"rs1918942",40995961,12,NA,"MUC19","c/T",0.373055195773846,0.738730969850849,0.627329019642198,0.871053767040023,0.000273179464437501,0.975639352070461,1.14706764676751,0.993240770836857,1.33156965753165,0.0651266819075317,0.974094146799937,0.644440969905617,0.529184064629611,0.782414191889973,1.00686461588229e-05,0.914551194940657,0.603635965054775
4,"rs4761494",95104524,12,NA,"TMCC3","g/T",0.458721296925286,1.29123219096319,1.10723670942076,1.50785369914825,0.00112265221771206,0.975639352070461,0.817153074101523,0.707193472044682,0.948453122329648,0.00737102360883046,0.974094146799937,1.58170334680157,1.30094505322481,1.90851023490012,3.05594441943447e-06,0.914551194940657,0.611828199317287
4,"rs16949673",66495390,15,"MEGF11",NA,"a/G",0.341933374585836,0.851012819920475,0.724976824442047,1.00094676300171,0.0488719783350304,0.975639352070461,1.308338995653,1.12964349653,1.5194480154555,0.000358449104780707,0.974094146799937,0.651360823533546,0.537047168454004,0.785179039266243,8.88263122100774e-06,0.914551194940657,0.83330080553677
4,"rs11872368",49930799,18,"DCC",NA,"c/T",0.10792777014411,1.20356437734584,0.966467890431185,1.49579843851022,0.0922330149839763,0.975774638641589,0.630830637953229,0.490878287018698,0.820119203974503,0.000470528895801348,0.974094146799937,1.90781307825383,1.42582022669382,2.52051269384256,9.8509095888734e-06,0.914551194940657,0.923534599715445
4,"rs139900353",76561680,18,NA,"SALL3","a/G",0.0231652097958275,0.313634192960896,0.157118562094166,0.638464641704757,0.00123358504184767,0.975639352070461,1.62211020827506,1.08861182075514,2.44999841939974,0.0182286033171434,0.974094146799937,0.194186392732941,0.0952323134770409,0.394744772598198,5.16743906509021e-06,0.914551194940657,0.583503908238159
4,"rs112199413",1488472,19,"PCSK4",NA,"C/t",0.0501038587897342,0.635859552994301,0.436396862020467,0.908153264762254,0.0153199046950361,0.975639352070461,1.50526599430622,1.13360080023099,2.0048011791813,0.00447778548155949,0.974094146799937,0.422517888794806,0.286306039914171,0.612943189104771,8.10663912420573e-06,0.914551194940657,0.326723675687199
4,"rs7253666",53338595,19,"ZNF28",NA,"A/g",0.341186509692641,1.15952785955296,0.986238966012825,1.35935861817539,0.0726482835745339,0.975774638641589,0.725038118665502,0.616506612758585,0.854263240899147,9.76800616143692e-05,0.974094146799937,1.59971644776602,1.30111087283723,1.95161224300826,5.25085206796267e-06,0.914551194940657,0.0385147309195115
